code,system
45552361,ICD10CM
45552361,ICD10CM
4098292,ICD10CM
4098292,ICD10CM
45552361,ICD10CM
45552361,ICD10CM
4098292,ICD10CM
4098292,ICD10CM
45557090,ICD10CM
45557090,ICD10CM
44835770,ICD10CM
44835770,ICD10CM
45557090,ICD10CM
45557090,ICD10CM
44835770,ICD10CM
44835770,ICD10CM
4078700,ICD10CM
4078700,ICD10CM
4078700,ICD10CM
4078700,ICD10CM
4209487,ICD10CM
4209487,ICD10CM
4209487,ICD10CM
4209487,ICD10CM
4343924,ICD10CM
4343924,ICD10CM
4343924,ICD10CM
4343924,ICD10CM
4343925,ICD10CM
4344159,ICD10CM
4343925,ICD10CM
4344159,ICD10CM
4343925,ICD10CM
4344159,ICD10CM
4343925,ICD10CM
4344159,ICD10CM
43530808,ICD10CM
43530808,ICD10CM
43530808,ICD10CM
43530808,ICD10CM